Unnamed: 0,_id
0,act_9fx2yHtGMu7MqZdRF
1,act_AJN96iWapdMyNDCRj
2,act_fxDmGgCGnqoFvYSsR
3,act_BRjFJaGCHDSr6yeK6
4,act_H9exYDmiN56H5sjG9
5,act_wAZKb98dgjugn72X3
6,act_acf4Qg39wAdwxYZrY
7,act_if4afeAyyzW8KfAkv
8,act_RW8NXLtbfKQfcDzKR
9,act_dovGuci7hd5MdY8RA
10,act_iqshpfSwH7sYTAETJ
11,act_dkwmf6C8YSjPibYM6
12,act_9ygxp9fb4eADcDrGk
13,act_4rNojMY6e8NX2jKBQ
14,act_oq69hyyvRfGCdhN4r
15,act_roM7tCHLrzDc2djZ2
16,act_P5J9jQpBoQ4C3x4Rb
17,act_Dofoj4AGnECCRddHL
18,act_Jyx3t9n9Xwq5FrCJG
19,act_8fi79BbMnmyr63iWX
20,act_9HKQt6R4xdwzX3z7k
21,act_pPbF7ccZxFzQuxLCR
22,act_Hc9d3S46v25eFn9bk
23,act_5JkrpkiQ4J4hJP8cF
24,act_YKagLxRc3zp8hXYjz
25,act_RxvFDFk8BBdNtmxZu
26,act_CqnTCswqRMz2aEtrm
27,act_jsPKn9bXbWSN4oKRj
28,act_eyhzt8mtxdq5bnKty
29,act_ov4xhxpXyRPQcM66W
30,act_8nFjD9BrCgzHkQ9DF
31,act_Y6BhtMQSh2JLCvELJ
32,act_e9BonT7Fb4Cidcjwx
33,act_XKL5u3NyKsN5FwB6m
34,act_XKCACvxpa5C7Xoxi6
35,act_PozStg4EoSRB6cQzZ
36,act_bwQhX8txHHrjzbHQL
37,act_rLpoDFvf68LZAKwrP
38,act_z4aojKcQPHBu2Rhme
39,act_n2zHqPuuTnXfihWN2
40,act_ckkEBQEQh8bQsGtpi
42,act_yma7hR2BQuGx7DZK4
43,act_vQu6YT6EsRTkBwMBs
44,act_mFRRevubTrJYzduLP
45,act_xD2hsBvNTrZAssb9P
46,act_7n2Cd9FpQFvenLTzH
47,act_CCnMokQiDg5gtfRfv
48,act_ANFSF8rtvu5G6hknB
49,act_7WuLf46Pti7L3NMd5
50,act_exG5GBrXYYv4tZZEm
51,act_am6vhuc7K7JWjK6nn
52,act_spHiM9c9hETv3gsNp
53,act_oJfGGmLoggPHu5Ho8
54,act_j836EDi9yq5aXhthD
55,act_FvoKfri2HrS8GhCNX
56,act_yGHuJiJrJLhSa6RCr
57,act_pX9EAusiDWXfzmaYR
58,act_sngGJpD4EDrSZW2nd
59,act_ftht7PhJon5N3Ahnc
60,act_Dgu6QtTTCzdLMgkix
61,act_Q784ice9HhLXrY8BS
62,act_u2qSiWbQCFqB6tqLo
63,act_pNjhWbA95M3wc6G3C
64,act_8o5287vYvjZvWKwcT
65,act_XwXb2RuHdcxpbaZT3
66,act_xCtKdozZtff9ShD7h
67,act_xwcYLHxt2mZbthxtr
68,act_kqvdDZJEx7z8xvEGx
69,act_k4BH9d2kiNPpA3Jif
70,act_kYQcBuyMnXTLCyx7Y
71,act_CBCzGq7xLz4LXbGmd
72,act_HfWo676aXnB782vTE
73,act_sKRBZBW24tbdHhKEn
74,act_2EwCvqNtyJAwbs6qp
75,act_sPniSqcCR5aCGDwwB
76,act_6NatAyx3GkX6jg4kw
77,act_feqfGwLd2bSdRkL7e
78,act_hHo6rv9WYF3Ssxu5P
79,act_333a5CtJESjgaAWtw
80,act_zQLsMuRW5F583Dbfs
81,act_jqkzxe7vpHLeH3Kn6
82,act_CNsFwJCxz6MuT9th2
83,act_ZNN8NEq59XL5bFvjM
87,act_7AA59Wqi9MhDvHJnj
88,act_ng7Y6LGYvKahvNRzn
89,act_2sTzXhx7s5JJZvjQk
90,act_KkRcWktfnrK7Efve6
91,act_3QMKfo3j9to3nYMHA
92,act_oGmhzEcGL9e5fz55m
93,act_Tx4CzrxmP95t3aPsw
94,act_FfepgTNrXStR6KoqA
95,act_smbZKoGwgAWxPpnGw
96,act_tNj4eLMCfAzLWkwMo
97,act_Gr5TTPWS4TdQi2Sam
98,act_CDRiMhoJC8boEkRm3
99,act_AmkWK4KSkLTHy7zXw